{"v":"5.5.1","fr":25,"ip":0,"op":250,"w":720,"h":1280,"nm":"快剪13","ddd":0,"assets":[{"id":"image_0","w":500,"h":751,"u":"images/","p":"img_0.png","e":0},{"id":"image_1","w":658,"h":987,"u":"images/","p":"img_1.png","e":0},{"id":"image_2","w":500,"h":712,"u":"images/","p":"img_2.png","e":0},{"id":"image_3","w":500,"h":750,"u":"images/","p":"img_3.png","e":0},{"id":"image_4","w":658,"h":986,"u":"images/","p":"img_4.png","e":0},{"id":"image_5","w":658,"h":1170,"u":"images/","p":"img_5.png","e":0},{"id":"image_6","w":564,"h":845,"u":"images/","p":"img_6.png","e":0},{"id":"image_7","w":658,"h":987,"u":"images/","p":"img_7.png","e":0},{"id":"image_8","w":658,"h":987,"u":"images/","p":"img_8.png","e":0},{"id":"image_9","w":658,"h":1170,"u":"images/","p":"img_9.png","e":0},{"id":"image_10","w":38,"h":38,"u":"images/","p":"img_10.png","e":0},{"id":"image_11","w":658,"h":975,"u":"images/","p":"img_11.png","e":0},{"id":"image_12","w":658,"h":987,"u":"images/","p":"img_12.png","e":0},{"id":"image_13","w":658,"h":986,"u":"images/","p":"img_13.png","e":0}],"layers":[{"ddd":0,"ind":1,"ty":2,"nm":"1cbe471dd66fad5599f5a87c70be38b6a83c453e240a7-yBWu1g_fw658.jpeg","cl":"jpeg","refId":"image_0","sr":1,"ks":{"o":{"a":0,"k":100,"ix":11},"r":{"a":0,"k":0,"ix":10},"p":{"a":0,"k":[360,640,0],"ix":2},"a":{"a":0,"k":[250,375.5,0],"ix":1},"s":{"a":0,"k":[173,173,100],"ix":6}},"ao":0,"ip":230,"op":480,"st":230,"bm":0},{"ddd":0,"ind":2,"ty":2,"nm":"b79e8dc7d2f608ce6572bacb27f2c5d15298a1d92db43-eXD7Sk_fw658.jpeg","cl":"jpeg","refId":"image_1","sr":1,"ks":{"o":{"a":0,"k":100,"ix":11},"r":{"a":0,"k":0,"ix":10},"p":{"a":0,"k":[397.289,645.045,0],"ix":2},"a":{"a":0,"k":[329,493.5,0],"ix":1},"s":{"a":0,"k":[151,151,100],"ix":6}},"ao":0,"hasMask":true,"masksProperties":[{"inv":false,"mode":"a","pt":{"a":0,"k":{"i":[[0,0],[0,0],[0,0],[0,0]],"o":[[0,0],[0,0],[0,0],[0,0]],"v":[[492.167,120.623],[197.02,120.623],[197.02,487.919],[492.167,487.919]],"c":true},"ix":1},"o":{"a":0,"k":100,"ix":3},"x":{"a":0,"k":0,"ix":4},"nm":"Mask 1"}],"ip":207,"op":457,"st":207,"bm":0},{"ddd":0,"ind":3,"ty":2,"nm":"aa88d5cac9088247d0d25ef72a6de2586c4b699b24455-87X329_fw658.jpeg","cl":"jpeg","refId":"image_2","sr":1,"ks":{"o":{"a":0,"k":100,"ix":11},"r":{"a":0,"k":0,"ix":10},"p":{"a":0,"k":[383.494,632.666,0],"ix":2},"a":{"a":0,"k":[250,356,0],"ix":1},"s":{"a":0,"k":[186,186,100],"ix":6}},"ao":0,"ip":192,"op":442,"st":192,"bm":0},{"ddd":0,"ind":4,"ty":2,"nm":"08b54d5b5218c9330d31376f19a0a8144dc04ca95e2e8-76uT35_fw658.jpeg","cl":"jpeg","refId":"image_3","sr":1,"ks":{"o":{"a":0,"k":100,"ix":11},"r":{"a":0,"k":0,"ix":10},"p":{"a":0,"k":[360,640,0],"ix":2},"a":{"a":0,"k":[250,375,0],"ix":1},"s":{"a":0,"k":[171,171,100],"ix":6}},"ao":0,"hasMask":true,"masksProperties":[{"inv":false,"mode":"a","pt":{"a":0,"k":{"i":[[0,0],[0,0],[0,0],[0,0]],"o":[[0,0],[0,0],[0,0],[0,0]],"v":[[338.766,17.105],[46.491,17.105],[46.491,492.311],[338.766,492.311]],"c":true},"ix":1},"o":{"a":0,"k":100,"ix":3},"x":{"a":0,"k":0,"ix":4},"nm":"Mask 1"}],"ip":168,"op":418,"st":168,"bm":0},{"ddd":0,"ind":5,"ty":2,"nm":"ecd8974cf67c95f70400aabffe29677a0474d61333c6d-574eCS_fw658.jpeg","cl":"jpeg","refId":"image_4","sr":1,"ks":{"o":{"a":0,"k":100,"ix":11},"r":{"a":0,"k":0,"ix":10},"p":{"a":0,"k":[360,640,0],"ix":2},"a":{"a":0,"k":[329,493,0],"ix":1},"s":{"a":0,"k":[135,135,100],"ix":6}},"ao":0,"ip":152,"op":402,"st":152,"bm":0},{"ddd":0,"ind":6,"ty":2,"nm":"cbf69ea73efff05d0d491e84600aac4596a9cf9e215e9-Fglvyd_fw658.jpeg","cl":"jpeg","refId":"image_5","sr":1,"ks":{"o":{"a":0,"k":100,"ix":11},"r":{"a":0,"k":0,"ix":10},"p":{"a":0,"k":[331.556,741.926,0],"ix":2},"a":{"a":0,"k":[329,585,0],"ix":1},"s":{"a":0,"k":[128,128,100],"ix":6}},"ao":0,"ip":126,"op":376,"st":126,"bm":0},{"ddd":0,"ind":7,"ty":2,"nm":"947131ef6d3f0d874884aa2623693f09c590dbe6ac24-LYzF8a_fw658.jpeg","cl":"jpeg","refId":"image_6","sr":1,"ks":{"o":{"a":0,"k":100,"ix":11},"r":{"a":0,"k":0,"ix":10},"p":{"a":0,"k":[364,636.889,0],"ix":2},"a":{"a":0,"k":[282,422.5,0],"ix":1},"s":{"a":0,"k":[163,163,100],"ix":6}},"ao":0,"ip":107,"op":357,"st":107,"bm":0},{"ddd":0,"ind":8,"ty":2,"nm":"4065fbfe41b9dd2a11dcda2091b62bc269acff2118b2d-jfOfqd_fw658.jpeg","cl":"jpeg","refId":"image_7","sr":1,"ks":{"o":{"a":0,"k":100,"ix":11},"r":{"a":0,"k":0,"ix":10},"p":{"a":0,"k":[345.92,647.345,0],"ix":2},"a":{"a":0,"k":[329,493.5,0],"ix":1},"s":{"a":0,"k":[134,134,100],"ix":6}},"ao":0,"hasMask":true,"masksProperties":[{"inv":false,"mode":"a","pt":{"a":0,"k":{"i":[[0,0],[0,0],[0,0],[0,0]],"o":[[0,0],[0,0],[0,0],[0,0]],"v":[[536.132,413.392],[251.448,413.392],[251.448,804.53],[536.132,804.53]],"c":true},"ix":1},"o":{"a":0,"k":100,"ix":3},"x":{"a":0,"k":0,"ix":4},"nm":"Mask 1"}],"ip":88,"op":338,"st":88,"bm":0},{"ddd":0,"ind":9,"ty":2,"nm":"fb487e6b8291c20dc52bd203b5a0333d60152b7828759-1IHqAA_fw658.jpeg","cl":"jpeg","refId":"image_8","sr":1,"ks":{"o":{"a":0,"k":100,"ix":11},"r":{"a":0,"k":0,"ix":10},"p":{"a":0,"k":[391.26,637.93,0],"ix":2},"a":{"a":0,"k":[329,493.5,0],"ix":1},"s":{"a":0,"k":[132,132,100],"ix":6}},"ao":0,"ip":73,"op":323,"st":73,"bm":0},{"ddd":0,"ind":10,"ty":2,"nm":"ae1c19753f77e598e048d2273b3eb3a79e370b94a1d47-CHkZUe_fw658.jpeg","cl":"jpeg","refId":"image_9","sr":1,"ks":{"o":{"a":0,"k":100,"ix":11},"r":{"a":0,"k":0,"ix":10},"p":{"a":0,"k":[360,640,0],"ix":2},"a":{"a":0,"k":[329,585,0],"ix":1},"s":{"a":0,"k":[114,114,100],"ix":6}},"ao":0,"ip":53,"op":303,"st":53,"bm":0},{"ddd":0,"ind":11,"ty":2,"nm":"取消 .png","cl":"png","td":1,"refId":"image_10","sr":1,"ks":{"o":{"a":0,"k":100,"ix":11},"r":{"a":0,"k":0,"ix":10},"p":{"a":0,"k":[360,640,0],"ix":2},"a":{"a":0,"k":[19,19,0],"ix":1},"s":{"a":0,"k":[1134,1134,100],"ix":6}},"ao":0,"ip":0,"op":250,"st":0,"bm":0},{"ddd":0,"ind":12,"ty":2,"nm":"542c6aad637f7ede1e6b478645464f7e3ce2ed4820a1c-YdXtJU_fw658.jpeg","cl":"jpeg","tt":1,"refId":"image_11","sr":1,"ks":{"o":{"a":0,"k":100,"ix":11},"r":{"a":0,"k":0,"ix":10},"p":{"a":0,"k":[366.37,786.37,0],"ix":2},"a":{"a":0,"k":[329,487.5,0],"ix":1},"s":{"a":0,"k":[136,136,100],"ix":6}},"ao":0,"ip":34,"op":284,"st":34,"bm":0},{"ddd":0,"ind":13,"ty":2,"nm":"ccc71772d9a8dfbe73976e65ea292a70a044129919bd4-egt033_fw658.jpeg","cl":"jpeg","refId":"image_12","sr":1,"ks":{"o":{"a":0,"k":100,"ix":11},"r":{"a":0,"k":0,"ix":10},"p":{"a":0,"k":[360,640,0],"ix":2},"a":{"a":0,"k":[329,493.5,0],"ix":1},"s":{"a":0,"k":[134,134,100],"ix":6}},"ao":0,"ip":13,"op":263,"st":13,"bm":0},{"ddd":0,"ind":14,"ty":2,"nm":"2fcd564f9f81f024d5916166e50aa8e80f27b3b8141c94-2rQUEQ_fw658.jpeg","cl":"jpeg","refId":"image_13","sr":1,"ks":{"o":{"a":0,"k":100,"ix":11},"r":{"a":0,"k":0,"ix":10},"p":{"a":0,"k":[375.23,636,0],"ix":2},"a":{"a":0,"k":[329,493,0],"ix":1},"s":{"a":0,"k":[132,132,100],"ix":6}},"ao":0,"ip":0,"op":250,"st":0,"bm":0}],"markers":[{"tm":88,"cm":"1","dr":0}]}