{"assets":[],"layers":[{"ddd":0,"ind":0,"ty":4,"nm":"形状图层 3","ks":{"o":{"k":100},"r":{"k":[{"i":{"x":[0.667],"y":[1]},"o":{"x":[0.167],"y":[0.167]},"n":["0p667_1_0p167_0p167"],"t":0,"s":[0],"e":[48]},{"i":{"x":[0.667],"y":[1]},"o":{"x":[0.333],"y":[0]},"n":["0p667_1_0p333_0"],"t":16,"s":[48],"e":[6]},{"i":{"x":[0.667],"y":[1]},"o":{"x":[0.333],"y":[0]},"n":["0p667_1_0p333_0"],"t":32,"s":[6],"e":[32]},{"i":{"x":[0.667],"y":[1]},"o":{"x":[0.333],"y":[0]},"n":["0p667_1_0p333_0"],"t":48,"s":[32],"e":[26]},{"t":61}]},"p":{"k":[{"i":{"x":0.667,"y":1},"o":{"x":0.333,"y":0},"n":"0p667_1_0p333_0","t":0,"s":[69.976,69.875,0],"e":[71.476,77.875,0],"to":[0.25,1.33333337306976,0],"ti":[-0.25,-1.33333337306976,0]},{"t":30}]},"a":{"k":[0,0,0]},"s":{"k":[{"i":{"x":[0.667,0.667,0.667],"y":[1,1,0.667]},"o":{"x":[0.167,0.167,0.167],"y":[0.167,0.167,0.167]},"n":["0p667_1_0p167_0p167","0p667_1_0p167_0p167","0p667_0p667_0p167_0p167"],"t":0,"s":[100,100,100],"e":[160,160,100]},{"i":{"x":[0.667,0.667,0.667],"y":[1,1,0.667]},"o":{"x":[0.333,0.333,0.333],"y":[0,0,0.333]},"n":["0p667_1_0p333_0","0p667_1_0p333_0","0p667_0p667_0p333_0p333"],"t":16,"s":[160,160,100],"e":[120,120,100]},{"i":{"x":[0.667,0.667,0.667],"y":[1,1,0.667]},"o":{"x":[0.333,0.333,0.333],"y":[0,0,0.333]},"n":["0p667_1_0p333_0","0p667_1_0p333_0","0p667_0p667_0p333_0p333"],"t":32,"s":[120,120,100],"e":[142,142,100]},{"i":{"x":[0.667,0.667,0.667],"y":[1,1,0.667]},"o":{"x":[0.333,0.333,0.333],"y":[0,0,0.333]},"n":["0p667_1_0p333_0","0p667_1_0p333_0","0p667_0p667_0p333_0p333"],"t":48,"s":[142,142,100],"e":[134,134,100]},{"t":61}]}},"ao":0,"shapes":[{"ty":"gr","it":[{"ind":0,"ty":"sh","ks":{"k":[{"i":{"x":0.667,"y":1},"o":{"x":0.333,"y":0},"n":"0p667_1_0p333_0","t":0,"s":[{"i":[[0,0],[0,0]],"o":[[0,0],[0,0]],"v":[[4.375,-7.75],[5.046,-7.04]],"c":false}],"e":[{"i":[[0,0],[0,0]],"o":[[0,0],[0,0]],"v":[[4.375,-7.75],[9,-3.375]],"c":false}]},{"t":30}]},"nm":"路径 1","mn":"ADBE Vector Shape - Group"},{"ty":"st","c":{"k":[1,1,1,1]},"o":{"k":100},"w":{"k":3},"lc":2,"lj":1,"ml":4,"nm":"描边 1","mn":"ADBE Vector Graphic - Stroke"},{"ty":"tr","p":{"k":[0,0],"ix":2},"a":{"k":[0,0],"ix":1},"s":{"k":[100,100],"ix":3},"r":{"k":0,"ix":6},"o":{"k":100,"ix":7},"sk":{"k":0,"ix":4},"sa":{"k":0,"ix":5},"nm":"变换"}],"nm":"形状 1","np":2,"mn":"ADBE Vector Group"}],"ip":0,"op":1458,"st":0,"bm":0,"sr":1},{"ddd":0,"ind":1,"ty":4,"nm":"窗户","ks":{"o":{"k":100},"r":{"k":[{"i":{"x":[0.667],"y":[1]},"o":{"x":[0.167],"y":[0.167]},"n":["0p667_1_0p167_0p167"],"t":0,"s":[0],"e":[48]},{"i":{"x":[0.667],"y":[1]},"o":{"x":[0.333],"y":[0]},"n":["0p667_1_0p333_0"],"t":16,"s":[48],"e":[6]},{"i":{"x":[0.667],"y":[1]},"o":{"x":[0.333],"y":[0]},"n":["0p667_1_0p333_0"],"t":32,"s":[6],"e":[32]},{"i":{"x":[0.667],"y":[1]},"o":{"x":[0.333],"y":[0]},"n":["0p667_1_0p333_0"],"t":48,"s":[32],"e":[26]},{"t":61}]},"p":{"k":[{"i":{"x":0.667,"y":1},"o":{"x":0.333,"y":0},"n":"0p667_1_0p333_0","t":0,"s":[69.976,69.875,0],"e":[71.476,77.875,0],"to":[0.25,1.33333337306976,0],"ti":[-0.25,-1.33333337306976,0]},{"t":30}]},"a":{"k":[0,-6.125,0]},"s":{"k":[{"i":{"x":[0.667,0.667,0.667],"y":[1,1,0.667]},"o":{"x":[0.167,0.167,0.167],"y":[0.167,0.167,0.167]},"n":["0p667_1_0p167_0p167","0p667_1_0p167_0p167","0p667_0p667_0p167_0p167"],"t":0,"s":[100,100,100],"e":[160,160,100]},{"i":{"x":[0.667,0.667,0.667],"y":[1,1,0.667]},"o":{"x":[0.333,0.333,0.333],"y":[0,0,0.333]},"n":["0p667_1_0p333_0","0p667_1_0p333_0","0p667_0p667_0p333_0p333"],"t":16,"s":[160,160,100],"e":[120,120,100]},{"i":{"x":[0.667,0.667,0.667],"y":[1,1,0.667]},"o":{"x":[0.333,0.333,0.333],"y":[0,0,0.333]},"n":["0p667_1_0p333_0","0p667_1_0p333_0","0p667_0p667_0p333_0p333"],"t":32,"s":[120,120,100],"e":[142,142,100]},{"i":{"x":[0.667,0.667,0.667],"y":[1,1,0.667]},"o":{"x":[0.333,0.333,0.333],"y":[0,0,0.333]},"n":["0p667_1_0p333_0","0p667_1_0p333_0","0p667_0p667_0p333_0p333"],"t":48,"s":[142,142,100],"e":[134,134,100]},{"t":61}]}},"ao":0,"shapes":[{"ty":"rc","d":1,"s":{"k":[10,11]},"p":{"k":[0,0]},"r":{"k":2},"nm":"矩形路径 1","mn":"ADBE Vector Shape - Rect"},{"ty":"fl","c":{"k":[{"i":{"x":[0.667],"y":[1]},"o":{"x":[0.333],"y":[0]},"n":["0p667_1_0p333_0"],"t":0,"s":[0.83,0.85,0.88,1],"e":[1,0.87,0.38,1]},{"t":30}]},"o":{"k":[{"i":{"x":[0.667],"y":[1]},"o":{"x":[0.333],"y":[0]},"n":["0p667_1_0p333_0"],"t":0,"s":[80],"e":[100]},{"t":30}]},"nm":"填充 1","mn":"ADBE Vector Graphic - Fill"}],"ip":0,"op":1458,"st":0,"bm":0,"sr":1},{"ddd":0,"ind":2,"ty":4,"nm":"房檐阴影","ks":{"o":{"k":100},"r":{"k":[{"i":{"x":[0.667],"y":[1]},"o":{"x":[0.167],"y":[0.167]},"n":["0p667_1_0p167_0p167"],"t":0,"s":[0],"e":[48]},{"i":{"x":[0.667],"y":[1]},"o":{"x":[0.333],"y":[0]},"n":["0p667_1_0p333_0"],"t":16,"s":[48],"e":[6]},{"i":{"x":[0.667],"y":[1]},"o":{"x":[0.333],"y":[0]},"n":["0p667_1_0p333_0"],"t":32,"s":[6],"e":[32]},{"i":{"x":[0.667],"y":[1]},"o":{"x":[0.333],"y":[0]},"n":["0p667_1_0p333_0"],"t":48,"s":[32],"e":[26]},{"t":61}]},"p":{"k":[{"i":{"x":0.667,"y":1},"o":{"x":0.333,"y":0},"n":"0p667_1_0p333_0","t":0,"s":[70.025,70,0],"e":[72.775,76.5,0],"to":[0.45833334326744,1.08333337306976,0],"ti":[-0.45833334326744,-1.08333337306976,0]},{"t":30}]},"a":{"k":[0.375,0,0]},"s":{"k":[{"i":{"x":[0.667,0.667,0.667],"y":[1,1,0.667]},"o":{"x":[0.167,0.167,0.167],"y":[0.167,0.167,0.167]},"n":["0p667_1_0p167_0p167","0p667_1_0p167_0p167","0p667_0p667_0p167_0p167"],"t":0,"s":[100,100,100],"e":[150,150,100]},{"i":{"x":[0.667,0.667,0.667],"y":[1,1,0.667]},"o":{"x":[0.333,0.333,0.333],"y":[0,0,0.333]},"n":["0p667_1_0p333_0","0p667_1_0p333_0","0p667_0p667_0p333_0p333"],"t":16,"s":[150,150,100],"e":[110,110,100]},{"i":{"x":[0.667,0.667,0.667],"y":[1,1,0.667]},"o":{"x":[0.333,0.333,0.333],"y":[0,0,0.333]},"n":["0p667_1_0p333_0","0p667_1_0p333_0","0p667_0p667_0p333_0p333"],"t":32,"s":[110,110,100],"e":[132,132,100]},{"i":{"x":[0.667,0.667,0.667],"y":[1,1,0.667]},"o":{"x":[0.333,0.333,0.333],"y":[0,0,0.333]},"n":["0p667_1_0p333_0","0p667_1_0p333_0","0p667_0p667_0p333_0p333"],"t":48,"s":[132,132,100],"e":[124,124,100]},{"t":61}]}},"ao":0,"shapes":[{"ty":"gr","it":[{"ind":0,"ty":"sh","ks":{"k":{"i":[[0,0],[-0.426,-0.174],[0,0],[0,0],[0,0],[-1.123,0.56]],"o":[[0,0],[1.091,0.446],[0,0],[0,0],[0,0],[-2.311,-1.753]],"v":[[0.375,-19.875],[-29.028,6.929],[-27.125,7],[0.475,-17.722],[27.216,6.875],[29.686,6.94]],"c":true}},"nm":"路径 1","mn":"ADBE Vector Shape - Group"},{"ty":"fl","c":{"k":[{"i":{"x":[0.667],"y":[1]},"o":{"x":[0.333],"y":[0]},"n":["0p667_1_0p333_0"],"t":0,"s":[0.71,0.73,0.75,1],"e":[1,0.45,0.09,1]},{"t":30}]},"o":{"k":[{"i":{"x":[0.667],"y":[1]},"o":{"x":[0.333],"y":[0]},"n":["0p667_1_0p333_0"],"t":0,"s":[60],"e":[100]},{"t":30}]},"nm":"填充 1","mn":"ADBE Vector Graphic - Fill"},{"ty":"tr","p":{"k":[0,0],"ix":2},"a":{"k":[0,0],"ix":1},"s":{"k":[100,100],"ix":3},"r":{"k":0,"ix":6},"o":{"k":100,"ix":7},"sk":{"k":0,"ix":4},"sa":{"k":0,"ix":5},"nm":"变换"}],"nm":"形状 1","np":2,"mn":"ADBE Vector Group"}],"ip":0,"op":1458,"st":0,"bm":0,"sr":1},{"ddd":0,"ind":3,"ty":4,"nm":"房檐","ks":{"o":{"k":100},"r":{"k":[{"i":{"x":[0.667],"y":[1]},"o":{"x":[0.167],"y":[0.167]},"n":["0p667_1_0p167_0p167"],"t":0,"s":[0],"e":[48]},{"i":{"x":[0.667],"y":[1]},"o":{"x":[0.333],"y":[0]},"n":["0p667_1_0p333_0"],"t":16,"s":[48],"e":[6]},{"i":{"x":[0.667],"y":[1]},"o":{"x":[0.333],"y":[0]},"n":["0p667_1_0p333_0"],"t":32,"s":[6],"e":[32]},{"i":{"x":[0.667],"y":[1]},"o":{"x":[0.333],"y":[0]},"n":["0p667_1_0p333_0"],"t":48,"s":[32],"e":[26]},{"t":61}]},"p":{"k":[{"i":{"x":0.667,"y":1},"o":{"x":0.333,"y":0},"n":"0p667_1_0p333_0","t":0,"s":[70.022,70,0],"e":[72.772,76.5,0],"to":[0.45833334326744,1.08333337306976,0],"ti":[-0.45833334326744,-1.08333337306976,0]},{"t":30}]},"a":{"k":[0.375,0,0]},"s":{"k":[{"i":{"x":[0.667,0.667,0.667],"y":[1,1,0.667]},"o":{"x":[0.167,0.167,0.167],"y":[0.167,0.167,0.167]},"n":["0p667_1_0p167_0p167","0p667_1_0p167_0p167","0p667_0p667_0p167_0p167"],"t":0,"s":[100,100,100],"e":[150,150,100]},{"i":{"x":[0.667,0.667,0.667],"y":[1,1,0.667]},"o":{"x":[0.333,0.333,0.333],"y":[0,0,0.333]},"n":["0p667_1_0p333_0","0p667_1_0p333_0","0p667_0p667_0p333_0p333"],"t":16,"s":[150,150,100],"e":[110,110,100]},{"i":{"x":[0.667,0.667,0.667],"y":[1,1,0.667]},"o":{"x":[0.333,0.333,0.333],"y":[0,0,0.333]},"n":["0p667_1_0p333_0","0p667_1_0p333_0","0p667_0p667_0p333_0p333"],"t":32,"s":[110,110,100],"e":[132,132,100]},{"i":{"x":[0.667,0.667,0.667],"y":[1,1,0.667]},"o":{"x":[0.333,0.333,0.333],"y":[0,0,0.333]},"n":["0p667_1_0p333_0","0p667_1_0p333_0","0p667_0p667_0p333_0p333"],"t":48,"s":[132,132,100],"e":[124,124,100]},{"t":61}]}},"ao":0,"shapes":[{"ty":"gr","it":[{"ind":0,"ty":"sh","ks":{"k":{"i":[[0,0],[1.75,0],[0,0],[0,0],[-2.101,-2.032],[0,0],[0,0],[0,0],[-2.097,2.415],[0,0]],"o":[[0,0],[-1.438,0],[0,0],[0,0],[2.284,2.208],[0,0],[0,0],[0,0],[2.097,-2.415],[0,0]],"v":[[2.5,-24.75],[0.25,-25.5],[-1.875,-24.75],[-31.5,2.25],[-30.774,5.907],[-27.125,7],[0.375,-18.125],[27.625,7],[31.528,5.665],[32,2]],"c":true}},"nm":"路径 1","mn":"ADBE Vector Shape - Group"},{"ty":"fl","c":{"k":[{"i":{"x":[0.667],"y":[1]},"o":{"x":[0.333],"y":[0]},"n":["0p667_1_0p333_0"],"t":0,"s":[0.89,0.91,0.93,1],"e":[1,0.73,0.49,1]},{"t":30}]},"o":{"k":[{"i":{"x":[0.667],"y":[1]},"o":{"x":[0.333],"y":[0]},"n":["0p667_1_0p333_0"],"t":0,"s":[60],"e":[100]},{"t":30}]},"nm":"填充 1","mn":"ADBE Vector Graphic - Fill"},{"ty":"tr","p":{"k":[0,0],"ix":2},"a":{"k":[0,0],"ix":1},"s":{"k":[100,100],"ix":3},"r":{"k":0,"ix":6},"o":{"k":100,"ix":7},"sk":{"k":0,"ix":4},"sa":{"k":0,"ix":5},"nm":"变换"}],"nm":"形状 1","np":2,"mn":"ADBE Vector Group"}],"ip":0,"op":1458,"st":0,"bm":0,"sr":1},{"ddd":0,"ind":4,"ty":4,"nm":"主阴影","ks":{"o":{"k":100},"r":{"k":[{"i":{"x":[0.667],"y":[1]},"o":{"x":[0.167],"y":[0.167]},"n":["0p667_1_0p167_0p167"],"t":0,"s":[0],"e":[48]},{"i":{"x":[0.667],"y":[1]},"o":{"x":[0.333],"y":[0]},"n":["0p667_1_0p333_0"],"t":16,"s":[48],"e":[6]},{"i":{"x":[0.667],"y":[1]},"o":{"x":[0.333],"y":[0]},"n":["0p667_1_0p333_0"],"t":32,"s":[6],"e":[32]},{"i":{"x":[0.667],"y":[1]},"o":{"x":[0.333],"y":[0]},"n":["0p667_1_0p333_0"],"t":48,"s":[32],"e":[26]},{"t":61}]},"p":{"k":[{"i":{"x":0.667,"y":1},"o":{"x":0.333,"y":0},"n":"0p667_1_0p333_0","t":0,"s":[69.976,70.125,0],"e":[73.226,76.125,0],"to":[0.54166668653488,1,0],"ti":[-0.54166668653488,-1,0]},{"t":30}]},"a":{"k":[0,-4.875,0]},"s":{"k":[{"i":{"x":[0.667,0.667,0.667],"y":[1,1,0.667]},"o":{"x":[0.167,0.167,0.167],"y":[0.167,0.167,0.167]},"n":["0p667_1_0p167_0p167","0p667_1_0p167_0p167","0p667_0p667_0p167_0p167"],"t":0,"s":[100,100,100],"e":[160,160,100]},{"i":{"x":[0.667,0.667,0.667],"y":[1,1,0.667]},"o":{"x":[0.333,0.333,0.333],"y":[0,0,0.333]},"n":["0p667_1_0p333_0","0p667_1_0p333_0","0p667_0p667_0p333_0p333"],"t":16,"s":[160,160,100],"e":[120,120,100]},{"i":{"x":[0.667,0.667,0.667],"y":[1,1,0.667]},"o":{"x":[0.333,0.333,0.333],"y":[0,0,0.333]},"n":["0p667_1_0p333_0","0p667_1_0p333_0","0p667_0p667_0p333_0p333"],"t":32,"s":[120,120,100],"e":[142,142,100]},{"i":{"x":[0.667,0.667,0.667],"y":[1,1,0.667]},"o":{"x":[0.333,0.333,0.333],"y":[0,0,0.333]},"n":["0p667_1_0p333_0","0p667_1_0p333_0","0p667_0p667_0p333_0p333"],"t":48,"s":[142,142,100],"e":[134,134,100]},{"t":61}]}},"ao":0,"shapes":[{"ind":0,"ty":"sh","ks":{"k":[{"i":{"x":0.833,"y":0.833},"o":{"x":0.167,"y":0.167},"n":"0p833_0p833_0p167_0p167","t":0,"s":[{"i":[[0,0],[0,0],[3.462,0.06],[0,0],[-1.789,2.656],[-0.133,1.676],[0,0]],"o":[[0,0],[-0.053,2.489],[0,0],[0,0],[1.336,-2.094],[0.073,-10.81],[0,0]],"v":[[20,-4.875],[20.109,15.095],[16.168,19.852],[10.266,19.962],[17.062,16.782],[18.076,8.435],[16.849,-7.139]],"c":true}],"e":[{"i":[[0,0],[0,0],[3.462,0.06],[0,0],[-1.77,3.171],[-0.133,1.676],[0,0]],"o":[[0,0],[-0.053,2.489],[0,0],[0,0],[1.474,-2.251],[0.698,-10.81],[0,0]],"v":[[20,-4.875],[20.109,13.033],[13.73,19.414],[10.266,19.525],[15.875,16.157],[17.513,8.81],[16.849,-7.139]],"c":true}]},{"t":30}]},"nm":"路径 1","mn":"ADBE Vector Shape - Group"},{"ty":"fl","c":{"k":[{"i":{"x":[0.667],"y":[1]},"o":{"x":[0.333],"y":[0]},"n":["0p667_1_0p333_0"],"t":0,"s":[0.71,0.74,0.8,1],"e":[1,0.45,0.09,1]},{"t":30}]},"o":{"k":[{"i":{"x":[0.667],"y":[1]},"o":{"x":[0.333],"y":[0]},"n":["0p667_1_0p333_0"],"t":0,"s":[60],"e":[100]},{"t":30}]},"nm":"填充 1","mn":"ADBE Vector Graphic - Fill"}],"ip":0,"op":1458,"st":0,"bm":0,"sr":1},{"ddd":0,"ind":5,"ty":4,"nm":"主","ks":{"o":{"k":100},"r":{"k":[{"i":{"x":[0.667],"y":[1]},"o":{"x":[0.167],"y":[0.167]},"n":["0p667_1_0p167_0p167"],"t":0,"s":[0],"e":[48]},{"i":{"x":[0.667],"y":[1]},"o":{"x":[0.333],"y":[0]},"n":["0p667_1_0p333_0"],"t":16,"s":[48],"e":[6]},{"i":{"x":[0.667],"y":[1]},"o":{"x":[0.333],"y":[0]},"n":["0p667_1_0p333_0"],"t":32,"s":[6],"e":[32]},{"i":{"x":[0.667],"y":[1]},"o":{"x":[0.333],"y":[0]},"n":["0p667_1_0p333_0"],"t":48,"s":[32],"e":[26]},{"t":61}]},"p":{"k":[{"i":{"x":0.667,"y":1},"o":{"x":0.333,"y":0},"n":"0p667_1_0p333_0","t":0,"s":[69.976,70.125,0],"e":[73.226,76.125,0],"to":[0.54166668653488,1,0],"ti":[-0.54166668653488,-1,0]},{"t":30}]},"a":{"k":[0,-4.875,0]},"s":{"k":[{"i":{"x":[0.667,0.667,0.667],"y":[1,1,0.667]},"o":{"x":[0.167,0.167,0.167],"y":[0.167,0.167,0.167]},"n":["0p667_1_0p167_0p167","0p667_1_0p167_0p167","0p667_0p667_0p167_0p167"],"t":0,"s":[100,100,100],"e":[160,160,100]},{"i":{"x":[0.667,0.667,0.667],"y":[1,1,0.667]},"o":{"x":[0.333,0.333,0.333],"y":[0,0,0.333]},"n":["0p667_1_0p333_0","0p667_1_0p333_0","0p667_0p667_0p333_0p333"],"t":16,"s":[160,160,100],"e":[120,120,100]},{"i":{"x":[0.667,0.667,0.667],"y":[1,1,0.667]},"o":{"x":[0.333,0.333,0.333],"y":[0,0,0.333]},"n":["0p667_1_0p333_0","0p667_1_0p333_0","0p667_0p667_0p333_0p333"],"t":32,"s":[120,120,100],"e":[142,142,100]},{"i":{"x":[0.667,0.667,0.667],"y":[1,1,0.667]},"o":{"x":[0.333,0.333,0.333],"y":[0,0,0.333]},"n":["0p667_1_0p333_0","0p667_1_0p333_0","0p667_0p667_0p333_0p333"],"t":48,"s":[142,142,100],"e":[134,134,100]},{"t":61}]}},"ao":0,"shapes":[{"ind":0,"ty":"sh","ks":{"k":[{"i":{"x":0.667,"y":1},"o":{"x":0.167,"y":0.167},"n":"0p667_1_0p167_0p167","t":0,"s":[{"i":[[0,0],[0,0],[1.657,0],[0,0],[0,1.657],[0,0],[0,0]],"o":[[0,0],[0,1.657],[0,0],[-1.657,0],[0,0],[0,0],[0,0]],"v":[[20,-4.875],[20,17],[17,20],[-17,20],[-20,17],[-20,-5],[0.124,-23.313]],"c":true}],"e":[{"i":[[0,0],[0,0],[3.462,0.06],[0,0],[0.132,2.318],[0,0],[0,0]],"o":[[0,0],[-0.053,2.489],[0,0],[-2.474,0.059],[0,0],[0,0],[0,0]],"v":[[20,-4.875],[20.109,13.033],[13.73,19.414],[-13.988,20.3],[-20.063,14.498],[-20,-5],[0.124,-23.313]],"c":true}]},{"t":61}]},"nm":"路径 1","mn":"ADBE Vector Shape - Group"},{"ty":"fl","c":{"k":[{"i":{"x":[0.667],"y":[1]},"o":{"x":[0.333],"y":[0]},"n":["0p667_1_0p333_0"],"t":0,"s":[0.89,0.91,0.93,1],"e":[1,0.58,0.21,1]},{"t":30}]},"o":{"k":[{"i":{"x":[0.667],"y":[1]},"o":{"x":[0.333],"y":[0]},"n":["0p667_1_0p333_0"],"t":0,"s":[60],"e":[100]},{"t":30}]},"nm":"填充 1","mn":"ADBE Vector Graphic - Fill"}],"ip":0,"op":1458,"st":0,"bm":0,"sr":1},{"ddd":0,"ind":6,"ty":4,"nm":"形状图层 1","ks":{"o":{"k":[{"i":{"x":[0.833],"y":[0.833]},"o":{"x":[0.167],"y":[0.167]},"n":["0p833_0p833_0p167_0p167"],"t":3,"s":[0],"e":[100]},{"t":39}]},"r":{"k":[{"i":{"x":[0.667],"y":[1]},"o":{"x":[0.167],"y":[0.167]},"n":["0p667_1_0p167_0p167"],"t":3,"s":[0],"e":[22]},{"i":{"x":[0.667],"y":[1]},"o":{"x":[0.333],"y":[0]},"n":["0p667_1_0p333_0"],"t":21,"s":[22],"e":[-20]},{"i":{"x":[0.667],"y":[1]},"o":{"x":[0.333],"y":[0]},"n":["0p667_1_0p333_0"],"t":39,"s":[-20],"e":[6]},{"i":{"x":[0.667],"y":[1]},"o":{"x":[0.333],"y":[0]},"n":["0p667_1_0p333_0"],"t":57,"s":[6],"e":[0]},{"t":72}]},"p":{"k":[70,70,0]},"a":{"k":[0,0,0]},"s":{"k":[{"i":{"x":[0.667,0.667,0.667],"y":[1,1,0.667]},"o":{"x":[0.167,0.167,0.167],"y":[0.167,0.167,0.167]},"n":["0p667_1_0p167_0p167","0p667_1_0p167_0p167","0p667_0p667_0p167_0p167"],"t":3,"s":[100,100,100],"e":[126,126,100]},{"i":{"x":[0.667,0.667,0.667],"y":[1,1,0.667]},"o":{"x":[0.333,0.333,0.333],"y":[0,0,0.333]},"n":["0p667_1_0p333_0","0p667_1_0p333_0","0p667_0p667_0p333_0p333"],"t":21,"s":[126,126,100],"e":[86,86,100]},{"i":{"x":[0.667,0.667,0.667],"y":[1,1,0.667]},"o":{"x":[0.333,0.333,0.333],"y":[0,0,0.333]},"n":["0p667_1_0p333_0","0p667_1_0p333_0","0p667_0p667_0p333_0p333"],"t":39,"s":[86,86,100],"e":[108,108,100]},{"i":{"x":[0.667,0.667,0.667],"y":[1,1,0.667]},"o":{"x":[0.333,0.333,0.333],"y":[0,0,0.333]},"n":["0p667_1_0p333_0","0p667_1_0p333_0","0p667_0p667_0p333_0p333"],"t":57,"s":[108,108,100],"e":[100,100,100]},{"t":72}]}},"ao":0,"shapes":[{"ty":"gr","it":[{"ind":0,"ty":"sh","ks":{"k":{"i":[[0,0],[0,0],[0,0],[0,0]],"o":[[0,0],[0,0],[0,0],[0,0]],"v":[[3.5,-23],[-16.75,-17.75],[-15.75,-3.75],[3.5,-7.5]],"c":true}},"nm":"路径 1","mn":"ADBE Vector Shape - Group"},{"ty":"fl","c":{"k":[1,0.45,0.09,1]},"o":{"k":100},"nm":"填充 1","mn":"ADBE Vector Graphic - Fill"},{"ty":"tr","p":{"k":[0,0],"ix":2},"a":{"k":[0,0],"ix":1},"s":{"k":[100,100],"ix":3},"r":{"k":0,"ix":6},"o":{"k":100,"ix":7},"sk":{"k":0,"ix":4},"sa":{"k":0,"ix":5},"nm":"变换"}],"nm":"形状 1","np":2,"mn":"ADBE Vector Group"}],"ip":3,"op":1458,"st":3,"bm":0,"sr":1},{"ddd":0,"ind":7,"ty":4,"nm":"彩虹4","ks":{"o":{"k":100},"r":{"k":0},"p":{"k":[70,70,0]},"a":{"k":[0,0,0]},"s":{"k":[100,100,100]}},"ao":0,"shapes":[{"ty":"gr","it":[{"ind":0,"ty":"sh","ks":{"k":[{"i":{"x":0.667,"y":1},"o":{"x":0.333,"y":0},"n":"0p667_1_0p333_0","t":63,"s":[{"i":[[2.75,0.75],[-0.375,-2],[0.75,-3],[0,0],[0,0],[0.141,1.209],[1.675,1.162],[1.475,0.085]],"o":[[-1.467,-0.4],[0.515,2.747],[-0.873,3.492],[0,0],[0,0],[-0.33,-2.829],[-1.288,-0.893],[-1.045,-0.06]],"v":[[-2.625,-20.25],[-4.875,-17.5],[-5.5,-14.5],[-5.125,-12.5],[1.625,-15.5],[3.08,-18.171],[2.413,-19.982],[1.045,-21.065]],"c":true}],"e":[{"i":[[3.797,1.406],[-1.91,-8.022],[-1,-3.125],[0,0],[0,0],[0.141,1.209],[0.422,1.995],[-0.228,2.168]],"o":[[-3.375,-1.25],[2.5,10.5],[1.097,3.428],[0,0],[0,0],[-0.33,-2.829],[-0.558,-2.641],[0.223,-2.119]],"v":[[-4.375,-43.75],[-7.5,-36.5],[-1.75,-25.125],[-7.5,-17.25],[1.625,-15.5],[2.83,-23.296],[0.288,-29.857],[0.42,-37.44]],"c":true}]},{"t":88}]},"nm":"路径 1","mn":"ADBE Vector Shape - Group"},{"ty":"fl","c":{"k":[0.24,0.99,0.97,1]},"o":{"k":100},"nm":"填充 1","mn":"ADBE Vector Graphic - Fill"},{"ty":"tr","p":{"k":[0,0],"ix":2},"a":{"k":[0,0],"ix":1},"s":{"k":[100,100],"ix":3},"r":{"k":0,"ix":6},"o":{"k":100,"ix":7},"sk":{"k":0,"ix":4},"sa":{"k":0,"ix":5},"nm":"变换"}],"nm":"形状 1","np":2,"mn":"ADBE Vector Group"}],"ip":63,"op":1458,"st":-6,"bm":0,"sr":1},{"ddd":0,"ind":8,"ty":4,"nm":"彩虹3","ks":{"o":{"k":100},"r":{"k":0},"p":{"k":[70,70,0]},"a":{"k":[0,0,0]},"s":{"k":[100,100,100]}},"ao":0,"shapes":[{"ty":"gr","it":[{"ind":0,"ty":"sh","ks":{"k":[{"i":{"x":0.667,"y":1},"o":{"x":0.333,"y":0},"n":"0p667_1_0p333_0","t":63,"s":[{"i":[[2.287,-0.653],[0.25,-0.625],[0.25,-1.875],[0,0],[0,0],[0,0],[0,0]],"o":[[-1.75,0.5],[-0.714,1.905],[-0.476,3.567],[0,0],[0,0],[0,0],[0,0]],"v":[[-7.75,-19.375],[-9.75,-17.5],[-9.5,-15.75],[-9.25,-12.625],[-5.125,-12.875],[1.375,-19.125],[-4.08,-19.19]],"c":true}],"e":[{"i":[[5.245,-0.128],[-3.412,-5.915],[-1.613,-4.356],[0,0],[0,0],[0,0],[0,0]],"o":[[-5.125,0.125],[1.875,3.25],[1.25,3.375],[0,0],[0,0],[0,0],[0,0]],"v":[[-11,-44.625],[-15.625,-32.625],[-8.5,-26.25],[-9.25,-12.625],[-5.125,-12.875],[1.375,-19.125],[-4.58,-43.565]],"c":true}]},{"t":88}]},"nm":"路径 1","mn":"ADBE Vector Shape - Group"},{"ty":"fl","c":{"k":[0.31,0.6,1,1]},"o":{"k":100},"nm":"填充 1","mn":"ADBE Vector Graphic - Fill"},{"ty":"tr","p":{"k":[0,0],"ix":2},"a":{"k":[0,0],"ix":1},"s":{"k":[100,100],"ix":3},"r":{"k":0,"ix":6},"o":{"k":100,"ix":7},"sk":{"k":0,"ix":4},"sa":{"k":0,"ix":5},"nm":"变换"}],"nm":"形状 1","np":2,"mn":"ADBE Vector Group"}],"ip":63,"op":1458,"st":-6,"bm":0,"sr":1},{"ddd":0,"ind":9,"ty":4,"nm":"彩虹2","ks":{"o":{"k":100},"r":{"k":0},"p":{"k":[70,70,0]},"a":{"k":[0,0,0]},"s":{"k":[100,100,100]}},"ao":0,"shapes":[{"ty":"gr","it":[{"ind":0,"ty":"sh","ks":{"k":[{"i":{"x":0.667,"y":1},"o":{"x":0.333,"y":0},"n":"0p667_1_0p333_0","t":63,"s":[{"i":[[2.75,-1],[0.5,-1.875],[-0.25,-1.75],[0,0],[0,0],[0,0],[0,0]],"o":[[-1.249,0.454],[-0.297,1.114],[0.178,1.244],[0,0],[0,0],[0,0],[0,0]],"v":[[-11.875,-18.5],[-13.25,-17.125],[-12.75,-14.125],[-11.875,-11.625],[-5.125,-12.875],[-7.5,-14.625],[-8.455,-18.565]],"c":true}],"e":[{"i":[[4.5,-3.5],[-1.75,-3.25],[-1.613,-4.356],[0,0],[0,0],[0,0],[0,0]],"o":[[-4.738,3.685],[1.22,2.266],[1.25,3.375],[0,0],[0,0],[0,0],[0,0]],"v":[[-20.875,-41.375],[-23.75,-30.75],[-12.875,-23.875],[-11.875,-11.625],[-5.125,-12.875],[-4.875,-28.75],[-12.08,-44.065]],"c":true}]},{"t":88}]},"nm":"路径 1","mn":"ADBE Vector Shape - Group"},{"ty":"fl","c":{"k":[1,0.8,0.4,1]},"o":{"k":100},"nm":"填充 1","mn":"ADBE Vector Graphic - Fill"},{"ty":"tr","p":{"k":[0,0],"ix":2},"a":{"k":[0,0],"ix":1},"s":{"k":[100,100],"ix":3},"r":{"k":0,"ix":6},"o":{"k":100,"ix":7},"sk":{"k":0,"ix":4},"sa":{"k":0,"ix":5},"nm":"变换"}],"nm":"形状 1","np":2,"mn":"ADBE Vector Group"}],"ip":63,"op":1458,"st":-6,"bm":0,"sr":1},{"ddd":0,"ind":10,"ty":4,"nm":"彩虹1","ks":{"o":{"k":100},"r":{"k":0},"p":{"k":[70,70,0]},"a":{"k":[0,0,0]},"s":{"k":[100,100,100]}},"ao":0,"shapes":[{"ty":"gr","it":[{"ind":0,"ty":"sh","ks":{"k":[{"i":{"x":0.667,"y":1},"o":{"x":0.333,"y":0},"n":"0p667_1_0p333_0","t":63,"s":[{"i":[[5.886,-1.177],[0.125,-0.5],[-0.875,-1],[0,0],[0,0],[0,0]],"o":[[-1.25,0.25],[0,1.375],[1.927,2.202],[0,0],[0,0],[0,0]],"v":[[-15,-17.875],[-16.375,-16.75],[-15.875,-14.25],[-15.625,-10.625],[-5.125,-12.875],[-11.625,-16.25]],"c":true}],"e":[{"i":[[5.125,-3.125],[-1.75,-3.25],[-1,-2.75],[0,0],[0,0],[0,0]],"o":[[-5.125,3.125],[1.22,2.266],[1,2.75],[0,0],[0,0],[0,0]],"v":[[-22,-40.25],[-28.25,-28.75],[-17.125,-22.875],[-15.625,-10.625],[-5.125,-12.875],[-5.875,-27.875]],"c":true}]},{"t":88}]},"nm":"路径 1","mn":"ADBE Vector Shape - Group"},{"ty":"fl","c":{"k":[1,0.31,0.84,1]},"o":{"k":100},"nm":"填充 1","mn":"ADBE Vector Graphic - Fill"},{"ty":"tr","p":{"k":[0,0],"ix":2},"a":{"k":[0,0],"ix":1},"s":{"k":[100,100],"ix":3},"r":{"k":0,"ix":6},"o":{"k":100,"ix":7},"sk":{"k":0,"ix":4},"sa":{"k":0,"ix":5},"nm":"变换"}],"nm":"形状 1","np":2,"mn":"ADBE Vector Group"}],"ip":63,"op":1458,"st":-6,"bm":0,"sr":1},{"ddd":0,"ind":11,"ty":4,"nm":"怪眼3","ks":{"o":{"k":100},"r":{"k":[{"i":{"x":[0.667],"y":[1]},"o":{"x":[0.167],"y":[0.167]},"n":["0p667_1_0p167_0p167"],"t":3,"s":[-21],"e":[22]},{"i":{"x":[0.667],"y":[0.8]},"o":{"x":[0.333],"y":[0]},"n":["0p667_0p8_0p333_0"],"t":19,"s":[22],"e":[-4.496]},{"i":{"x":[0.667],"y":[0.668]},"o":{"x":[0.333],"y":[-0.672]},"n":["0p667_0p668_0p333_-0p672"],"t":35,"s":[-4.496],"e":[3.37]},{"i":{"x":[0.667],"y":[1]},"o":{"x":[0.333],"y":[-0.63]},"n":["0p667_1_0p333_-0p63"],"t":51,"s":[3.37],"e":[0]},{"t":64}]},"p":{"k":[69.75,69.5,0]},"a":{"k":[0,0,0]},"s":{"k":[{"i":{"x":[0.667,0.667,0.667],"y":[1,1,0.667]},"o":{"x":[0.167,0.167,0.167],"y":[0.167,0.167,0.167]},"n":["0p667_1_0p167_0p167","0p667_1_0p167_0p167","0p667_0p667_0p167_0p167"],"t":3,"s":[30,30,100],"e":[120,120,100]},{"i":{"x":[0.667,0.667,0.667],"y":[0.836,0.836,0.667]},"o":{"x":[0.333,0.333,0.333],"y":[0,0,0.333]},"n":["0p667_0p836_0p333_0","0p667_0p836_0p333_0","0p667_0p667_0p333_0p333"],"t":19,"s":[120,120,100],"e":[90.64,90.64,100]},{"i":{"x":[0.667,0.667,0.667],"y":[0.757,0.757,0.667]},"o":{"x":[0.333,0.333,0.333],"y":[-0.321,-0.321,0.333]},"n":["0p667_0p757_0p333_-0p321","0p667_0p757_0p333_-0p321","0p667_0p667_0p333_0p333"],"t":35,"s":[90.64,90.64,100],"e":[105.604,105.604,100]},{"i":{"x":[0.667,0.667,0.667],"y":[1,1,0.667]},"o":{"x":[0.333,0.333,0.333],"y":[-0.528,-0.528,0.333]},"n":["0p667_1_0p333_-0p528","0p667_1_0p333_-0p528","0p667_0p667_0p333_0p333"],"t":51,"s":[105.604,105.604,100],"e":[100,100,100]},{"t":64}]}},"ao":0,"shapes":[{"ty":"gr","it":[{"d":1,"ty":"el","s":{"k":[1.958,1.958]},"p":{"k":[0,0]},"nm":"椭圆路径 1","mn":"ADBE Vector Shape - Ellipse"},{"ty":"fl","c":{"k":[1,1,1,1]},"o":{"k":100},"nm":"填充 1","mn":"ADBE Vector Graphic - Fill"},{"ty":"tr","p":{"k":[39.729,-20.146],"ix":2},"a":{"k":[0,0],"ix":1},"s":{"k":[100,100],"ix":3},"r":{"k":0,"ix":6},"o":{"k":100,"ix":7},"sk":{"k":0,"ix":4},"sa":{"k":0,"ix":5},"nm":"变换"}],"nm":"椭圆 1","np":2,"mn":"ADBE Vector Group"}],"ip":3,"op":1458,"st":0,"bm":0,"sr":1},{"ddd":0,"ind":12,"ty":4,"nm":"怪眼2","ks":{"o":{"k":100},"r":{"k":[{"i":{"x":[0.667],"y":[1]},"o":{"x":[0.167],"y":[0.167]},"n":["0p667_1_0p167_0p167"],"t":3,"s":[-21],"e":[22]},{"i":{"x":[0.667],"y":[0.8]},"o":{"x":[0.333],"y":[0]},"n":["0p667_0p8_0p333_0"],"t":19,"s":[22],"e":[-4.496]},{"i":{"x":[0.667],"y":[0.668]},"o":{"x":[0.333],"y":[-0.672]},"n":["0p667_0p668_0p333_-0p672"],"t":35,"s":[-4.496],"e":[3.37]},{"i":{"x":[0.667],"y":[1]},"o":{"x":[0.333],"y":[-0.63]},"n":["0p667_1_0p333_-0p63"],"t":51,"s":[3.37],"e":[0]},{"t":64}]},"p":{"k":[69.5,70.25,0]},"a":{"k":[0,0,0]},"s":{"k":[{"i":{"x":[0.667,0.667,0.667],"y":[1,1,0.667]},"o":{"x":[0.167,0.167,0.167],"y":[0.167,0.167,0.167]},"n":["0p667_1_0p167_0p167","0p667_1_0p167_0p167","0p667_0p667_0p167_0p167"],"t":3,"s":[30,30,100],"e":[120,120,100]},{"i":{"x":[0.667,0.667,0.667],"y":[0.836,0.836,0.667]},"o":{"x":[0.333,0.333,0.333],"y":[0,0,0.333]},"n":["0p667_0p836_0p333_0","0p667_0p836_0p333_0","0p667_0p667_0p333_0p333"],"t":19,"s":[120,120,100],"e":[90.64,90.64,100]},{"i":{"x":[0.667,0.667,0.667],"y":[0.757,0.757,0.667]},"o":{"x":[0.333,0.333,0.333],"y":[-0.321,-0.321,0.333]},"n":["0p667_0p757_0p333_-0p321","0p667_0p757_0p333_-0p321","0p667_0p667_0p333_0p333"],"t":35,"s":[90.64,90.64,100],"e":[105.604,105.604,100]},{"i":{"x":[0.667,0.667,0.667],"y":[1,1,0.667]},"o":{"x":[0.333,0.333,0.333],"y":[-0.528,-0.528,0.333]},"n":["0p667_1_0p333_-0p528","0p667_1_0p333_-0p528","0p667_0p667_0p333_0p333"],"t":51,"s":[105.604,105.604,100],"e":[100,100,100]},{"t":64}]}},"ao":0,"shapes":[{"ty":"gr","it":[{"d":1,"ty":"el","s":{"k":[5,5]},"p":{"k":[0,0]},"nm":"椭圆路径 1","mn":"ADBE Vector Shape - Ellipse"},{"ty":"fl","c":{"k":[0.38,0.05,0.05,1]},"o":{"k":100},"nm":"填充 1","mn":"ADBE Vector Graphic - Fill"},{"ty":"tr","p":{"k":[39.628,-20.997],"ix":2},"a":{"k":[0,0],"ix":1},"s":{"k":[100,100],"ix":3},"r":{"k":0,"ix":6},"o":{"k":100,"ix":7},"sk":{"k":0,"ix":4},"sa":{"k":0,"ix":5},"nm":"变换"}],"nm":"椭圆 1","np":2,"mn":"ADBE Vector Group"}],"ip":3,"op":1458,"st":0,"bm":0,"sr":1},{"ddd":0,"ind":13,"ty":4,"nm":"怪眼1","ks":{"o":{"k":100},"r":{"k":[{"i":{"x":[0.667],"y":[1]},"o":{"x":[0.167],"y":[0.167]},"n":["0p667_1_0p167_0p167"],"t":3,"s":[-21],"e":[22]},{"i":{"x":[0.667],"y":[0.8]},"o":{"x":[0.333],"y":[0]},"n":["0p667_0p8_0p333_0"],"t":19,"s":[22],"e":[-4.496]},{"i":{"x":[0.667],"y":[0.668]},"o":{"x":[0.333],"y":[-0.672]},"n":["0p667_0p668_0p333_-0p672"],"t":35,"s":[-4.496],"e":[3.37]},{"i":{"x":[0.667],"y":[1]},"o":{"x":[0.333],"y":[-0.63]},"n":["0p667_1_0p333_-0p63"],"t":51,"s":[3.37],"e":[0]},{"t":64}]},"p":{"k":[70,70,0]},"a":{"k":[0,0,0]},"s":{"k":[{"i":{"x":[0.667,0.667,0.667],"y":[1,1,0.667]},"o":{"x":[0.167,0.167,0.167],"y":[0.167,0.167,0.167]},"n":["0p667_1_0p167_0p167","0p667_1_0p167_0p167","0p667_0p667_0p167_0p167"],"t":3,"s":[30,30,100],"e":[120,120,100]},{"i":{"x":[0.667,0.667,0.667],"y":[0.836,0.836,0.667]},"o":{"x":[0.333,0.333,0.333],"y":[0,0,0.333]},"n":["0p667_0p836_0p333_0","0p667_0p836_0p333_0","0p667_0p667_0p333_0p333"],"t":19,"s":[120,120,100],"e":[90.64,90.64,100]},{"i":{"x":[0.667,0.667,0.667],"y":[0.757,0.757,0.667]},"o":{"x":[0.333,0.333,0.333],"y":[-0.321,-0.321,0.333]},"n":["0p667_0p757_0p333_-0p321","0p667_0p757_0p333_-0p321","0p667_0p667_0p333_0p333"],"t":35,"s":[90.64,90.64,100],"e":[105.604,105.604,100]},{"i":{"x":[0.667,0.667,0.667],"y":[1,1,0.667]},"o":{"x":[0.333,0.333,0.333],"y":[-0.528,-0.528,0.333]},"n":["0p667_1_0p333_-0p528","0p667_1_0p333_-0p528","0p667_0p667_0p333_0p333"],"t":51,"s":[105.604,105.604,100],"e":[100,100,100]},{"t":64}]}},"ao":0,"shapes":[{"ty":"gr","it":[{"d":1,"ty":"el","s":{"k":[10,10]},"p":{"k":[0,0]},"nm":"椭圆路径 1","mn":"ADBE Vector Shape - Ellipse"},{"ty":"fl","c":{"k":[1,1,1,1]},"o":{"k":100},"nm":"填充 1","mn":"ADBE Vector Graphic - Fill"},{"ty":"tr","p":{"k":[37.426,-21.199],"ix":2},"a":{"k":[0,0],"ix":1},"s":{"k":[100,100],"ix":3},"r":{"k":0,"ix":6},"o":{"k":100,"ix":7},"sk":{"k":0,"ix":4},"sa":{"k":0,"ix":5},"nm":"变换"}],"nm":"椭圆 1","np":2,"mn":"ADBE Vector Group"}],"ip":3,"op":1458,"st":0,"bm":0,"sr":1},{"ddd":0,"ind":14,"ty":4,"nm":"怪嘴3","ks":{"o":{"k":100},"r":{"k":[{"i":{"x":[0.667],"y":[1]},"o":{"x":[0.167],"y":[0.167]},"n":["0p667_1_0p167_0p167"],"t":3,"s":[-21],"e":[22]},{"i":{"x":[0.667],"y":[0.8]},"o":{"x":[0.333],"y":[0]},"n":["0p667_0p8_0p333_0"],"t":19,"s":[22],"e":[-4.496]},{"i":{"x":[0.667],"y":[0.668]},"o":{"x":[0.333],"y":[-0.672]},"n":["0p667_0p668_0p333_-0p672"],"t":35,"s":[-4.496],"e":[3.37]},{"i":{"x":[0.667],"y":[1]},"o":{"x":[0.333],"y":[-0.63]},"n":["0p667_1_0p333_-0p63"],"t":51,"s":[3.37],"e":[0]},{"t":64}]},"p":{"k":[70,70,0]},"a":{"k":[0,0,0]},"s":{"k":[{"i":{"x":[0.667,0.667,0.667],"y":[1,1,0.667]},"o":{"x":[0.167,0.167,0.167],"y":[0.167,0.167,0.167]},"n":["0p667_1_0p167_0p167","0p667_1_0p167_0p167","0p667_0p667_0p167_0p167"],"t":3,"s":[30,30,100],"e":[120,120,100]},{"i":{"x":[0.667,0.667,0.667],"y":[0.836,0.836,0.667]},"o":{"x":[0.333,0.333,0.333],"y":[0,0,0.333]},"n":["0p667_0p836_0p333_0","0p667_0p836_0p333_0","0p667_0p667_0p333_0p333"],"t":19,"s":[120,120,100],"e":[90.64,90.64,100]},{"i":{"x":[0.667,0.667,0.667],"y":[0.757,0.757,0.667]},"o":{"x":[0.333,0.333,0.333],"y":[-0.321,-0.321,0.333]},"n":["0p667_0p757_0p333_-0p321","0p667_0p757_0p333_-0p321","0p667_0p667_0p333_0p333"],"t":35,"s":[90.64,90.64,100],"e":[105.604,105.604,100]},{"i":{"x":[0.667,0.667,0.667],"y":[1,1,0.667]},"o":{"x":[0.333,0.333,0.333],"y":[-0.528,-0.528,0.333]},"n":["0p667_1_0p333_-0p528","0p667_1_0p333_-0p528","0p667_0p667_0p333_0p333"],"t":51,"s":[105.604,105.604,100],"e":[100,100,100]},{"t":64}]}},"ao":0,"shapes":[{"ty":"gr","it":[{"ind":0,"ty":"sh","ks":{"k":{"i":[[0,0],[-0.562,1.5],[0.659,0.112]],"o":[[0,0],[-0.951,0.139],[-0.173,1.29]],"v":[[33.812,-12.438],[35.875,-14.812],[33.548,-14.727]],"c":true}},"nm":"路径 1","mn":"ADBE Vector Shape - Group"},{"ty":"fl","c":{"k":[1,1,1,1]},"o":{"k":100},"nm":"填充 1","mn":"ADBE Vector Graphic - Fill"},{"ty":"tr","p":{"k":[0,0],"ix":2},"a":{"k":[0,0],"ix":1},"s":{"k":[100,100],"ix":3},"r":{"k":0,"ix":6},"o":{"k":100,"ix":7},"sk":{"k":0,"ix":4},"sa":{"k":0,"ix":5},"nm":"变换"}],"nm":"形状 1","np":2,"mn":"ADBE Vector Group"}],"ip":3,"op":1458,"st":0,"bm":0,"sr":1},{"ddd":0,"ind":15,"ty":4,"nm":"怪嘴2","ks":{"o":{"k":100},"r":{"k":[{"i":{"x":[0.667],"y":[1]},"o":{"x":[0.167],"y":[0.167]},"n":["0p667_1_0p167_0p167"],"t":3,"s":[-21],"e":[22]},{"i":{"x":[0.667],"y":[0.8]},"o":{"x":[0.333],"y":[0]},"n":["0p667_0p8_0p333_0"],"t":19,"s":[22],"e":[-4.496]},{"i":{"x":[0.667],"y":[0.668]},"o":{"x":[0.333],"y":[-0.672]},"n":["0p667_0p668_0p333_-0p672"],"t":35,"s":[-4.496],"e":[3.37]},{"i":{"x":[0.667],"y":[1]},"o":{"x":[0.333],"y":[-0.63]},"n":["0p667_1_0p333_-0p63"],"t":51,"s":[3.37],"e":[0]},{"t":64}]},"p":{"k":[70,70,0]},"a":{"k":[0,0,0]},"s":{"k":[{"i":{"x":[0.667,0.667,0.667],"y":[1,1,0.667]},"o":{"x":[0.167,0.167,0.167],"y":[0.167,0.167,0.167]},"n":["0p667_1_0p167_0p167","0p667_1_0p167_0p167","0p667_0p667_0p167_0p167"],"t":3,"s":[30,30,100],"e":[120,120,100]},{"i":{"x":[0.667,0.667,0.667],"y":[0.836,0.836,0.667]},"o":{"x":[0.333,0.333,0.333],"y":[0,0,0.333]},"n":["0p667_0p836_0p333_0","0p667_0p836_0p333_0","0p667_0p667_0p333_0p333"],"t":19,"s":[120,120,100],"e":[90.64,90.64,100]},{"i":{"x":[0.667,0.667,0.667],"y":[0.757,0.757,0.667]},"o":{"x":[0.333,0.333,0.333],"y":[-0.321,-0.321,0.333]},"n":["0p667_0p757_0p333_-0p321","0p667_0p757_0p333_-0p321","0p667_0p667_0p333_0p333"],"t":35,"s":[90.64,90.64,100],"e":[105.604,105.604,100]},{"i":{"x":[0.667,0.667,0.667],"y":[1,1,0.667]},"o":{"x":[0.333,0.333,0.333],"y":[-0.528,-0.528,0.333]},"n":["0p667_1_0p333_-0p528","0p667_1_0p333_-0p528","0p667_0p667_0p333_0p333"],"t":51,"s":[105.604,105.604,100],"e":[100,100,100]},{"t":64}]}},"ao":0,"shapes":[{"ty":"gr","it":[{"ind":0,"ty":"sh","ks":{"k":{"i":[[2,-0.938],[-4.25,1.5],[1.938,1]],"o":[[0.875,2.5],[0.062,-1.875],[-2.157,-1.113]],"v":[[26.562,-12.188],[35.5,-8],[32.938,-12.438]],"c":true}},"nm":"路径 1","mn":"ADBE Vector Shape - Group"},{"ty":"fl","c":{"k":[1,0.49,0.49,1]},"o":{"k":100},"nm":"填充 1","mn":"ADBE Vector Graphic - Fill"},{"ty":"tr","p":{"k":[0,0],"ix":2},"a":{"k":[0,0],"ix":1},"s":{"k":[100,100],"ix":3},"r":{"k":0,"ix":6},"o":{"k":100,"ix":7},"sk":{"k":0,"ix":4},"sa":{"k":0,"ix":5},"nm":"变换"}],"nm":"形状 1","np":2,"mn":"ADBE Vector Group"}],"ip":3,"op":1458,"st":0,"bm":0,"sr":1},{"ddd":0,"ind":16,"ty":4,"nm":"怪嘴1","ks":{"o":{"k":100},"r":{"k":[{"i":{"x":[0.667],"y":[1]},"o":{"x":[0.167],"y":[0.167]},"n":["0p667_1_0p167_0p167"],"t":3,"s":[-21],"e":[22]},{"i":{"x":[0.667],"y":[0.8]},"o":{"x":[0.333],"y":[0]},"n":["0p667_0p8_0p333_0"],"t":19,"s":[22],"e":[-4.496]},{"i":{"x":[0.667],"y":[0.668]},"o":{"x":[0.333],"y":[-0.672]},"n":["0p667_0p668_0p333_-0p672"],"t":35,"s":[-4.496],"e":[3.37]},{"i":{"x":[0.667],"y":[1]},"o":{"x":[0.333],"y":[-0.63]},"n":["0p667_1_0p333_-0p63"],"t":51,"s":[3.37],"e":[0]},{"t":64}]},"p":{"k":[70,70,0]},"a":{"k":[0,0,0]},"s":{"k":[{"i":{"x":[0.667,0.667,0.667],"y":[1,1,0.667]},"o":{"x":[0.167,0.167,0.167],"y":[0.167,0.167,0.167]},"n":["0p667_1_0p167_0p167","0p667_1_0p167_0p167","0p667_0p667_0p167_0p167"],"t":3,"s":[30,30,100],"e":[120,120,100]},{"i":{"x":[0.667,0.667,0.667],"y":[0.836,0.836,0.667]},"o":{"x":[0.333,0.333,0.333],"y":[0,0,0.333]},"n":["0p667_0p836_0p333_0","0p667_0p836_0p333_0","0p667_0p667_0p333_0p333"],"t":19,"s":[120,120,100],"e":[90.64,90.64,100]},{"i":{"x":[0.667,0.667,0.667],"y":[0.757,0.757,0.667]},"o":{"x":[0.333,0.333,0.333],"y":[-0.321,-0.321,0.333]},"n":["0p667_0p757_0p333_-0p321","0p667_0p757_0p333_-0p321","0p667_0p667_0p333_0p333"],"t":35,"s":[90.64,90.64,100],"e":[105.604,105.604,100]},{"i":{"x":[0.667,0.667,0.667],"y":[1,1,0.667]},"o":{"x":[0.333,0.333,0.333],"y":[-0.528,-0.528,0.333]},"n":["0p667_1_0p333_-0p528","0p667_1_0p333_-0p528","0p667_0p667_0p333_0p333"],"t":51,"s":[105.604,105.604,100],"e":[100,100,100]},{"t":64}]}},"ao":0,"shapes":[{"ty":"gr","it":[{"ind":0,"ty":"sh","ks":{"k":{"i":[[2.25,2.125],[-1.193,-3.408],[-4.25,1.5],[2.562,-0.375]],"o":[[-1.828,-1.726],[0.875,2.5],[4.55,-1.606],[-2.401,0.351]],"v":[[30.312,-16.75],[26.562,-12.188],[35.5,-8],[35.875,-14.812]],"c":true}},"nm":"路径 1","mn":"ADBE Vector Shape - Group"},{"ty":"fl","c":{"k":[0.47,0.12,0.12,1]},"o":{"k":100},"nm":"填充 1","mn":"ADBE Vector Graphic - Fill"},{"ty":"tr","p":{"k":[0,0],"ix":2},"a":{"k":[0,0],"ix":1},"s":{"k":[100,100],"ix":3},"r":{"k":0,"ix":6},"o":{"k":100,"ix":7},"sk":{"k":0,"ix":4},"sa":{"k":0,"ix":5},"nm":"变换"}],"nm":"形状 1","np":2,"mn":"ADBE Vector Group"}],"ip":3,"op":1458,"st":0,"bm":0,"sr":1},{"ddd":0,"ind":17,"ty":4,"nm":"怪主","ks":{"o":{"k":100},"r":{"k":[{"i":{"x":[0.667],"y":[1]},"o":{"x":[0.167],"y":[0.167]},"n":["0p667_1_0p167_0p167"],"t":3,"s":[21],"e":[64]},{"i":{"x":[0.667],"y":[0.8]},"o":{"x":[0.333],"y":[0]},"n":["0p667_0p8_0p333_0"],"t":19,"s":[64],"e":[37.504]},{"i":{"x":[0.667],"y":[0.668]},"o":{"x":[0.333],"y":[-0.672]},"n":["0p667_0p668_0p333_-0p672"],"t":35,"s":[37.504],"e":[45.369]},{"i":{"x":[0.667],"y":[1]},"o":{"x":[0.333],"y":[-0.63]},"n":["0p667_1_0p333_-0p63"],"t":51,"s":[45.369],"e":[42]},{"t":64}]},"p":{"k":[70,69.875,0]},"a":{"k":[-15.261,19.292,0]},"s":{"k":[{"i":{"x":[0.667,0.667,0.667],"y":[1,1,0.667]},"o":{"x":[0.167,0.167,0.167],"y":[0.167,0.167,0.167]},"n":["0p667_1_0p167_0p167","0p667_1_0p167_0p167","0p667_0p667_0p167_0p167"],"t":3,"s":[30,30,100],"e":[120,120,100]},{"i":{"x":[0.667,0.667,0.667],"y":[0.836,0.836,0.667]},"o":{"x":[0.333,0.333,0.333],"y":[0,0,0.333]},"n":["0p667_0p836_0p333_0","0p667_0p836_0p333_0","0p667_0p667_0p333_0p333"],"t":19,"s":[120,120,100],"e":[90.64,90.64,100]},{"i":{"x":[0.667,0.667,0.667],"y":[0.757,0.757,0.667]},"o":{"x":[0.333,0.333,0.333],"y":[-0.321,-0.321,0.333]},"n":["0p667_0p757_0p333_-0p321","0p667_0p757_0p333_-0p321","0p667_0p667_0p333_0p333"],"t":35,"s":[90.64,90.64,100],"e":[105.604,105.604,100]},{"i":{"x":[0.667,0.667,0.667],"y":[1,1,0.667]},"o":{"x":[0.333,0.333,0.333],"y":[-0.528,-0.528,0.333]},"n":["0p667_1_0p333_-0p528","0p667_1_0p333_-0p528","0p667_0p667_0p333_0p333"],"t":51,"s":[105.604,105.604,100],"e":[100,100,100]},{"t":64}]}},"ao":0,"shapes":[{"ty":"rc","d":1,"s":{"k":[32,56]},"p":{"k":[0,0]},"r":{"k":196},"nm":"矩形路径 1","mn":"ADBE Vector Shape - Rect"},{"ty":"fl","c":{"k":[1,0.87,0.38,1]},"o":{"k":100},"nm":"填充 1","mn":"ADBE Vector Graphic - Fill"}],"ip":3,"op":1458,"st":3,"bm":0,"sr":1},{"ddd":0,"ind":18,"ty":4,"nm":"怪角","ks":{"o":{"k":100},"r":{"k":[{"i":{"x":[0.667],"y":[1]},"o":{"x":[0.167],"y":[0.167]},"n":["0p667_1_0p167_0p167"],"t":3,"s":[-21],"e":[22]},{"i":{"x":[0.667],"y":[0.8]},"o":{"x":[0.333],"y":[0]},"n":["0p667_0p8_0p333_0"],"t":19,"s":[22],"e":[-4.496]},{"i":{"x":[0.667],"y":[0.668]},"o":{"x":[0.333],"y":[-0.672]},"n":["0p667_0p668_0p333_-0p672"],"t":35,"s":[-4.496],"e":[3.37]},{"i":{"x":[0.667],"y":[1]},"o":{"x":[0.333],"y":[-0.63]},"n":["0p667_1_0p333_-0p63"],"t":51,"s":[3.37],"e":[0]},{"t":64}]},"p":{"k":[70,70,0]},"a":{"k":[0,0,0]},"s":{"k":[{"i":{"x":[0.667,0.667,0.667],"y":[1,1,0.667]},"o":{"x":[0.167,0.167,0.167],"y":[0.167,0.167,0.167]},"n":["0p667_1_0p167_0p167","0p667_1_0p167_0p167","0p667_0p667_0p167_0p167"],"t":3,"s":[30,30,100],"e":[120,120,100]},{"i":{"x":[0.667,0.667,0.667],"y":[0.836,0.836,0.667]},"o":{"x":[0.333,0.333,0.333],"y":[0,0,0.333]},"n":["0p667_0p836_0p333_0","0p667_0p836_0p333_0","0p667_0p667_0p333_0p333"],"t":19,"s":[120,120,100],"e":[90.64,90.64,100]},{"i":{"x":[0.667,0.667,0.667],"y":[0.757,0.757,0.667]},"o":{"x":[0.333,0.333,0.333],"y":[-0.321,-0.321,0.333]},"n":["0p667_0p757_0p333_-0p321","0p667_0p757_0p333_-0p321","0p667_0p667_0p333_0p333"],"t":35,"s":[90.64,90.64,100],"e":[105.604,105.604,100]},{"i":{"x":[0.667,0.667,0.667],"y":[1,1,0.667]},"o":{"x":[0.333,0.333,0.333],"y":[-0.528,-0.528,0.333]},"n":["0p667_1_0p333_-0p528","0p667_1_0p333_-0p528","0p667_0p667_0p333_0p333"],"t":51,"s":[105.604,105.604,100],"e":[100,100,100]},{"t":64}]}},"ao":0,"shapes":[{"ind":0,"ty":"sh","ks":{"k":{"i":[[0.625,-0.75],[1.75,-0.75],[0,0],[0,0],[-2.5,1.75]],"o":[[-0.625,0.75],[-1.75,0.75],[0,0],[0,0],[2.5,-1.75]],"v":[[54,-14.5],[51.125,-11.5],[47,-11.5],[46.25,-7.25],[52.875,-8.375]],"c":true}},"nm":"路径 1","mn":"ADBE Vector Shape - Group"},{"ind":1,"ty":"sh","ks":{"k":{"i":[[0.257,-0.942],[0.125,-1.375],[0,0],[0,0],[-0.75,2.875]],"o":[[-0.375,1.375],[-0.125,1.375],[0,0],[0,0],[0.75,-2.875]],"v":[[31.75,-35.875],[29.5,-32.125],[30.875,-27.875],[26.75,-26.25],[25.5,-32.625]],"c":true}},"nm":"路径 2","mn":"ADBE Vector Shape - Group"},{"ty":"fl","c":{"k":[1,0.95,0.95,1]},"o":{"k":100},"nm":"填充 1","mn":"ADBE Vector Graphic - Fill"}],"ip":3,"op":1458,"st":0,"bm":0,"sr":1},{"ddd":0,"ind":19,"ty":4,"nm":"形状图层 2","ks":{"o":{"k":100},"r":{"k":[{"i":{"x":[0.667],"y":[1]},"o":{"x":[0.167],"y":[0.167]},"n":["0p667_1_0p167_0p167"],"t":9,"s":[-21],"e":[22]},{"i":{"x":[0.667],"y":[0.8]},"o":{"x":[0.333],"y":[0]},"n":["0p667_0p8_0p333_0"],"t":25,"s":[22],"e":[-4.496]},{"i":{"x":[0.667],"y":[0.668]},"o":{"x":[0.333],"y":[-0.672]},"n":["0p667_0p668_0p333_-0p672"],"t":41,"s":[-4.496],"e":[3.37]},{"i":{"x":[0.667],"y":[1]},"o":{"x":[0.333],"y":[-0.63]},"n":["0p667_1_0p333_-0p63"],"t":57,"s":[3.37],"e":[0]},{"t":70}]},"p":{"k":[70,70,0]},"a":{"k":[0,0,0]},"s":{"k":[{"i":{"x":[0.667,0.667,0.667],"y":[1,1,0.667]},"o":{"x":[0.167,0.167,0.167],"y":[0.167,0.167,0.167]},"n":["0p667_1_0p167_0p167","0p667_1_0p167_0p167","0p667_0p667_0p167_0p167"],"t":9,"s":[30,30,100],"e":[120,120,100]},{"i":{"x":[0.667,0.667,0.667],"y":[0.836,0.836,0.667]},"o":{"x":[0.333,0.333,0.333],"y":[0,0,0.333]},"n":["0p667_0p836_0p333_0","0p667_0p836_0p333_0","0p667_0p667_0p333_0p333"],"t":25,"s":[120,120,100],"e":[90.64,90.64,100]},{"i":{"x":[0.667,0.667,0.667],"y":[0.757,0.757,0.667]},"o":{"x":[0.333,0.333,0.333],"y":[-0.321,-0.321,0.333]},"n":["0p667_0p757_0p333_-0p321","0p667_0p757_0p333_-0p321","0p667_0p667_0p333_0p333"],"t":41,"s":[90.64,90.64,100],"e":[105.604,105.604,100]},{"i":{"x":[0.667,0.667,0.667],"y":[1,1,0.667]},"o":{"x":[0.333,0.333,0.333],"y":[-0.528,-0.528,0.333]},"n":["0p667_1_0p333_-0p528","0p667_1_0p333_-0p528","0p667_0p667_0p333_0p333"],"t":57,"s":[105.604,105.604,100],"e":[100,100,100]},{"t":70}]}},"ao":0,"shapes":[{"ty":"gr","it":[{"ind":0,"ty":"sh","ks":{"k":{"i":[[3.625,-0.125],[1.375,-0.75],[-0.5,-2.812],[0,0],[0,0],[0,0],[-1.25,0],[0.75,1],[0.562,0.438],[-0.909,0.7],[0,0]],"o":[[-3.877,0.134],[-1.375,0.75],[0.5,2.812],[0,0],[0,0],[0,0],[1.25,0],[-0.676,-0.901],[-0.562,-0.438],[0.812,-0.562],[0,0]],"v":[[23,-34.312],[9.812,-31.812],[8.062,-27.125],[12.5,-11.375],[22.188,-16.438],[19.375,-27.625],[21.625,-27.5],[23.5,-28.375],[21.875,-29.75],[22.312,-31.312],[24,-32.562]],"c":true}},"nm":"路径 1","mn":"ADBE Vector Shape - Group"},{"ty":"fl","c":{"k":[1,0.87,0.38,1]},"o":{"k":100},"nm":"填充 1","mn":"ADBE Vector Graphic - Fill"},{"ty":"tr","p":{"k":[0,0],"ix":2},"a":{"k":[0,0],"ix":1},"s":{"k":[100,100],"ix":3},"r":{"k":0,"ix":6},"o":{"k":100,"ix":7},"sk":{"k":0,"ix":4},"sa":{"k":0,"ix":5},"nm":"变换"}],"nm":"形状 1","np":3,"mn":"ADBE Vector Group"}],"ip":9,"op":1458,"st":3,"bm":0,"sr":1}],"v":"4.5.4","ddd":0,"ip":0,"op":91,"fr":90,"w":140,"h":140}